ion@yahoo.com*ion*Popescu*Ion
nae@gmail.com*nae*Nae*Alexandru
dan123@gmail.com*dan*Ionescu*Dan
mihai@yahoo.com*mihai*Mihnea*Mihai
ana@gmail.com*ana*Todorovici*Ana
radu@gmail.com*radu*Florescu*Radu
irina@yahoo.com*irina456*Popescu*Irina
nicu@yahoo.com*nicu*Badea*Nicu
dana@gmail.com*dana*Mandache*Dana
ilie@yahoo.com*ilie*George*Ilie